{
  "project_info": {
    "project_number": "1036586611294",
    "firebase_url": "https://madt-bank.firebaseio.com",
    "project_id": "madt-bank",
    "storage_bucket": "madt-bank.appspot.com"
  },
  "client": [
    {
      "client_info": {
        "mobilesdk_app_id": "1:1036586611294:android:a9b7fe93880b909e32bacf",
        "android_client_info": {
          "package_name": "com.jas.madtbank"
        }
      },
      "oauth_client": [
        {
          "client_id": "1036586611294-8g61arj18tnlsv5ck17kob346092hdfl.apps.googleusercontent.com",
          "client_type": 1,
          "android_info": {
            "package_name": "com.jas.madtbank",
            "certificate_hash": "cd550a472e5abe716a020a479ec54f28688d86b3"
          }
        },
        {
          "client_id": "1036586611294-b35rmj3otsfpih9l164dt09fh1rkn8uu.apps.googleusercontent.com",
          "client_type": 3
        }
      ],
      "api_key": [
        {
          "current_key": "AIzaSyBkKN8W9Bds1XyADqFgpnga1NuiPnMuoSE"
        }
      ],
      "services": {
        "appinvite_service": {
          "other_platform_oauth_client": [
            {
              "client_id": "1036586611294-b35rmj3otsfpih9l164dt09fh1rkn8uu.apps.googleusercontent.com",
              "client_type": 3
            }
          ]
        }
      }
    }
  ],
  "configuration_version": "1"
}